hcp_id,true_archetype
HCP00001,low_potential
HCP00002,low_potential
HCP00003,low_potential
HCP00004,loyal_high
HCP00005,loyal_high
HCP00006,grower
HCP00007,low_potential
HCP00008,grower
HCP00009,grower
HCP00010,low_potential
HCP00011,grower
HCP00012,low_potential
HCP00013,loyal_high
HCP00014,low_potential
HCP00015,low_potential
HCP00016,low_potential
HCP00017,low_potential
HCP00018,loyal_high
HCP00019,low_potential
HCP00020,grower
HCP00021,low_potential
HCP00022,loyal_high
HCP00023,at_risk
HCP00024,grower
HCP00025,low_potential
HCP00026,grower
HCP00027,grower
HCP00028,grower
HCP00029,low_potential
HCP00030,loyal_high
HCP00031,low_potential
HCP00032,grower
HCP00033,grower
HCP00034,low_potential
HCP00035,low_potential
HCP00036,low_potential
HCP00037,low_potential
HCP00038,grower
HCP00039,loyal_high
HCP00040,loyal_high
HCP00041,grower
HCP00042,low_potential
HCP00043,at_risk
HCP00044,at_risk
HCP00045,low_potential
HCP00046,low_potential
HCP00047,low_potential
HCP00048,low_potential
HCP00049,low_potential
HCP00050,loyal_high
HCP00051,low_potential
HCP00052,loyal_high
HCP00053,at_risk
HCP00054,low_potential
HCP00055,low_potential
HCP00056,low_potential
HCP00057,at_risk
HCP00058,low_potential
HCP00059,loyal_high
HCP00060,low_potential
HCP00061,low_potential
HCP00062,grower
HCP00063,loyal_high
HCP00064,grower
HCP00065,loyal_high
HCP00066,grower
HCP00067,low_potential
HCP00068,low_potential
HCP00069,low_potential
HCP00070,grower
HCP00071,loyal_high
HCP00072,loyal_high
HCP00073,grower
HCP00074,grower
HCP00075,low_potential
HCP00076,at_risk
HCP00077,loyal_high
HCP00078,low_potential
HCP00079,low_potential
HCP00080,loyal_high
HCP00081,grower
HCP00082,grower
HCP00083,low_potential
HCP00084,loyal_high
HCP00085,low_potential
HCP00086,low_potential
HCP00087,grower
HCP00088,grower
HCP00089,low_potential
HCP00090,at_risk
HCP00091,at_risk
HCP00092,loyal_high
HCP00093,loyal_high
HCP00094,grower
HCP00095,grower
HCP00096,low_potential
HCP00097,low_potential
HCP00098,grower
HCP00099,grower
HCP00100,low_potential
HCP00101,grower
HCP00102,loyal_high
HCP00103,grower
HCP00104,loyal_high
HCP00105,loyal_high
HCP00106,grower
HCP00107,grower
HCP00108,loyal_high
HCP00109,at_risk
HCP00110,loyal_high
HCP00111,grower
HCP00112,at_risk
HCP00113,at_risk
HCP00114,grower
HCP00115,loyal_high
HCP00116,low_potential
HCP00117,grower
HCP00118,low_potential
HCP00119,loyal_high
HCP00120,loyal_high
HCP00121,grower
HCP00122,low_potential
HCP00123,low_potential
HCP00124,low_potential
HCP00125,low_potential
HCP00126,low_potential
HCP00127,grower
HCP00128,low_potential
HCP00129,grower
HCP00130,low_potential
HCP00131,low_potential
HCP00132,low_potential
HCP00133,grower
HCP00134,loyal_high
HCP00135,low_potential
HCP00136,grower
HCP00137,low_potential
HCP00138,low_potential
HCP00139,grower
HCP00140,grower
HCP00141,low_potential
HCP00142,loyal_high
HCP00143,at_risk
HCP00144,grower
HCP00145,low_potential
HCP00146,at_risk
HCP00147,loyal_high
HCP00148,loyal_high
HCP00149,loyal_high
HCP00150,low_potential
HCP00151,loyal_high
HCP00152,loyal_high
HCP00153,at_risk
HCP00154,low_potential
HCP00155,low_potential
HCP00156,low_potential
HCP00157,loyal_high
HCP00158,low_potential
HCP00159,low_potential
HCP00160,low_potential
HCP00161,low_potential
HCP00162,low_potential
HCP00163,loyal_high
HCP00164,low_potential
HCP00165,grower
HCP00166,low_potential
HCP00167,low_potential
HCP00168,loyal_high
HCP00169,loyal_high
HCP00170,grower
HCP00171,grower
HCP00172,loyal_high
HCP00173,low_potential
HCP00174,low_potential
HCP00175,grower
HCP00176,grower
HCP00177,at_risk
HCP00178,loyal_high
HCP00179,loyal_high
HCP00180,low_potential
HCP00181,low_potential
HCP00182,loyal_high
HCP00183,loyal_high
HCP00184,low_potential
HCP00185,loyal_high
HCP00186,grower
HCP00187,loyal_high
HCP00188,low_potential
HCP00189,loyal_high
HCP00190,loyal_high
HCP00191,grower
HCP00192,at_risk
HCP00193,loyal_high
HCP00194,at_risk
HCP00195,grower
HCP00196,loyal_high
HCP00197,at_risk
HCP00198,low_potential
HCP00199,at_risk
HCP00200,grower
HCP00201,at_risk
HCP00202,low_potential
HCP00203,grower
HCP00204,at_risk
HCP00205,at_risk
HCP00206,loyal_high
HCP00207,low_potential
HCP00208,low_potential
HCP00209,at_risk
HCP00210,low_potential
HCP00211,grower
HCP00212,low_potential
HCP00213,grower
HCP00214,grower
HCP00215,low_potential
HCP00216,grower
HCP00217,low_potential
HCP00218,grower
HCP00219,at_risk
HCP00220,low_potential
HCP00221,low_potential
HCP00222,low_potential
HCP00223,low_potential
HCP00224,loyal_high
HCP00225,low_potential
HCP00226,low_potential
HCP00227,loyal_high
HCP00228,grower
HCP00229,at_risk
HCP00230,low_potential
HCP00231,low_potential
HCP00232,low_potential
HCP00233,grower
HCP00234,low_potential
HCP00235,at_risk
HCP00236,at_risk
HCP00237,grower
HCP00238,at_risk
HCP00239,low_potential
HCP00240,low_potential
HCP00241,loyal_high
HCP00242,loyal_high
HCP00243,low_potential
HCP00244,grower
HCP00245,low_potential
HCP00246,at_risk
HCP00247,loyal_high
HCP00248,low_potential
HCP00249,low_potential
HCP00250,grower
HCP00251,low_potential
HCP00252,at_risk
HCP00253,at_risk
HCP00254,loyal_high
HCP00255,loyal_high
HCP00256,grower
HCP00257,grower
HCP00258,low_potential
HCP00259,low_potential
HCP00260,loyal_high
HCP00261,low_potential
HCP00262,grower
HCP00263,low_potential
HCP00264,loyal_high
HCP00265,at_risk
HCP00266,grower
HCP00267,low_potential
HCP00268,low_potential
HCP00269,low_potential
HCP00270,loyal_high
HCP00271,at_risk
HCP00272,loyal_high
HCP00273,at_risk
HCP00274,low_potential
HCP00275,low_potential
HCP00276,low_potential
HCP00277,low_potential
HCP00278,low_potential
HCP00279,loyal_high
HCP00280,loyal_high
HCP00281,low_potential
HCP00282,low_potential
HCP00283,grower
HCP00284,low_potential
HCP00285,grower
HCP00286,low_potential
HCP00287,low_potential
HCP00288,low_potential
HCP00289,at_risk
HCP00290,at_risk
HCP00291,grower
HCP00292,at_risk
HCP00293,loyal_high
HCP00294,at_risk
HCP00295,grower
HCP00296,at_risk
HCP00297,grower
HCP00298,grower
HCP00299,low_potential
HCP00300,low_potential
HCP00301,low_potential
HCP00302,low_potential
HCP00303,low_potential
HCP00304,at_risk
HCP00305,low_potential
HCP00306,low_potential
HCP00307,low_potential
HCP00308,at_risk
HCP00309,grower
HCP00310,at_risk
HCP00311,low_potential
HCP00312,low_potential
HCP00313,grower
HCP00314,low_potential
HCP00315,loyal_high
HCP00316,loyal_high
HCP00317,grower
HCP00318,grower
HCP00319,loyal_high
HCP00320,low_potential
HCP00321,low_potential
HCP00322,at_risk
HCP00323,low_potential
HCP00324,low_potential
HCP00325,grower
HCP00326,at_risk
HCP00327,loyal_high
HCP00328,loyal_high
HCP00329,grower
HCP00330,low_potential
HCP00331,grower
HCP00332,grower
HCP00333,grower
HCP00334,low_potential
HCP00335,low_potential
HCP00336,low_potential
HCP00337,low_potential
HCP00338,low_potential
HCP00339,low_potential
HCP00340,at_risk
HCP00341,low_potential
HCP00342,loyal_high
HCP00343,low_potential
HCP00344,loyal_high
HCP00345,grower
HCP00346,low_potential
HCP00347,grower
HCP00348,grower
HCP00349,grower
HCP00350,grower
HCP00351,low_potential
HCP00352,grower
HCP00353,low_potential
HCP00354,low_potential
HCP00355,loyal_high
HCP00356,low_potential
HCP00357,grower
HCP00358,low_potential
HCP00359,low_potential
HCP00360,low_potential
HCP00361,at_risk
HCP00362,low_potential
HCP00363,low_potential
HCP00364,grower
HCP00365,low_potential
HCP00366,grower
HCP00367,low_potential
HCP00368,low_potential
HCP00369,grower
HCP00370,low_potential
HCP00371,loyal_high
HCP00372,loyal_high
HCP00373,grower
HCP00374,low_potential
HCP00375,low_potential
HCP00376,low_potential
HCP00377,low_potential
HCP00378,at_risk
HCP00379,grower
HCP00380,loyal_high
HCP00381,low_potential
HCP00382,loyal_high
HCP00383,loyal_high
HCP00384,at_risk
HCP00385,low_potential
HCP00386,low_potential
HCP00387,loyal_high
HCP00388,loyal_high
HCP00389,at_risk
HCP00390,low_potential
HCP00391,grower
HCP00392,low_potential
HCP00393,at_risk
HCP00394,loyal_high
HCP00395,loyal_high
HCP00396,loyal_high
HCP00397,grower
HCP00398,low_potential
HCP00399,grower
HCP00400,loyal_high
HCP00401,low_potential
HCP00402,at_risk
HCP00403,low_potential
HCP00404,loyal_high
HCP00405,low_potential
HCP00406,loyal_high
HCP00407,low_potential
HCP00408,at_risk
HCP00409,loyal_high
HCP00410,grower
HCP00411,loyal_high
HCP00412,low_potential
HCP00413,low_potential
HCP00414,at_risk
HCP00415,grower
HCP00416,grower
HCP00417,low_potential
HCP00418,low_potential
HCP00419,low_potential
HCP00420,grower
HCP00421,loyal_high
HCP00422,loyal_high
HCP00423,at_risk
HCP00424,low_potential
HCP00425,low_potential
HCP00426,grower
HCP00427,at_risk
HCP00428,low_potential
HCP00429,grower
HCP00430,low_potential
HCP00431,low_potential
HCP00432,low_potential
HCP00433,low_potential
HCP00434,low_potential
HCP00435,loyal_high
HCP00436,low_potential
HCP00437,grower
HCP00438,grower
HCP00439,low_potential
HCP00440,grower
HCP00441,at_risk
HCP00442,low_potential
HCP00443,low_potential
HCP00444,loyal_high
HCP00445,low_potential
HCP00446,low_potential
HCP00447,low_potential
HCP00448,grower
HCP00449,low_potential
HCP00450,low_potential
HCP00451,loyal_high
HCP00452,loyal_high
HCP00453,grower
HCP00454,grower
HCP00455,low_potential
HCP00456,grower
HCP00457,low_potential
HCP00458,grower
HCP00459,at_risk
HCP00460,grower
HCP00461,low_potential
HCP00462,loyal_high
HCP00463,low_potential
HCP00464,loyal_high
HCP00465,loyal_high
HCP00466,at_risk
HCP00467,loyal_high
HCP00468,low_potential
HCP00469,grower
HCP00470,at_risk
HCP00471,grower
HCP00472,low_potential
HCP00473,low_potential
HCP00474,loyal_high
HCP00475,low_potential
HCP00476,low_potential
HCP00477,grower
HCP00478,loyal_high
HCP00479,at_risk
HCP00480,loyal_high
HCP00481,low_potential
HCP00482,low_potential
HCP00483,at_risk
HCP00484,loyal_high
HCP00485,at_risk
HCP00486,at_risk
HCP00487,at_risk
HCP00488,at_risk
HCP00489,low_potential
HCP00490,low_potential
HCP00491,low_potential
HCP00492,low_potential
HCP00493,loyal_high
HCP00494,grower
HCP00495,low_potential
HCP00496,low_potential
HCP00497,at_risk
HCP00498,low_potential
HCP00499,at_risk
HCP00500,low_potential
HCP00501,low_potential
HCP00502,loyal_high
HCP00503,grower
HCP00504,low_potential
HCP00505,grower
HCP00506,low_potential
HCP00507,low_potential
HCP00508,grower
HCP00509,loyal_high
HCP00510,grower
HCP00511,at_risk
HCP00512,low_potential
HCP00513,low_potential
HCP00514,grower
HCP00515,grower
HCP00516,low_potential
HCP00517,low_potential
HCP00518,grower
HCP00519,low_potential
HCP00520,low_potential
HCP00521,loyal_high
HCP00522,grower
HCP00523,low_potential
HCP00524,low_potential
HCP00525,loyal_high
HCP00526,grower
HCP00527,at_risk
HCP00528,low_potential
HCP00529,at_risk
HCP00530,grower
HCP00531,low_potential
HCP00532,low_potential
HCP00533,grower
HCP00534,low_potential
HCP00535,grower
HCP00536,grower
HCP00537,grower
HCP00538,low_potential
HCP00539,grower
HCP00540,loyal_high
HCP00541,at_risk
HCP00542,low_potential
HCP00543,low_potential
HCP00544,low_potential
HCP00545,low_potential
HCP00546,grower
HCP00547,grower
HCP00548,grower
HCP00549,low_potential
HCP00550,grower
HCP00551,low_potential
HCP00552,grower
HCP00553,at_risk
HCP00554,at_risk
HCP00555,low_potential
HCP00556,low_potential
HCP00557,low_potential
HCP00558,low_potential
HCP00559,loyal_high
HCP00560,loyal_high
HCP00561,loyal_high
HCP00562,grower
HCP00563,at_risk
HCP00564,loyal_high
HCP00565,low_potential
HCP00566,low_potential
HCP00567,loyal_high
HCP00568,grower
HCP00569,low_potential
HCP00570,low_potential
HCP00571,grower
HCP00572,grower
HCP00573,grower
HCP00574,low_potential
HCP00575,low_potential
HCP00576,low_potential
HCP00577,grower
HCP00578,loyal_high
HCP00579,low_potential
HCP00580,low_potential
HCP00581,loyal_high
HCP00582,grower
HCP00583,low_potential
HCP00584,grower
HCP00585,at_risk
HCP00586,grower
HCP00587,low_potential
HCP00588,grower
HCP00589,loyal_high
HCP00590,low_potential
HCP00591,low_potential
HCP00592,loyal_high
HCP00593,low_potential
HCP00594,grower
HCP00595,low_potential
HCP00596,at_risk
HCP00597,low_potential
HCP00598,loyal_high
HCP00599,grower
HCP00600,low_potential
HCP00601,grower
HCP00602,low_potential
HCP00603,grower
HCP00604,low_potential
HCP00605,grower
HCP00606,low_potential
HCP00607,grower
HCP00608,low_potential
HCP00609,loyal_high
HCP00610,low_potential
HCP00611,low_potential
HCP00612,grower
HCP00613,grower
HCP00614,at_risk
HCP00615,grower
HCP00616,low_potential
HCP00617,grower
HCP00618,loyal_high
HCP00619,low_potential
HCP00620,low_potential
HCP00621,low_potential
HCP00622,grower
HCP00623,grower
HCP00624,low_potential
HCP00625,low_potential
HCP00626,grower
HCP00627,low_potential
HCP00628,grower
HCP00629,loyal_high
HCP00630,low_potential
HCP00631,low_potential
HCP00632,grower
HCP00633,low_potential
HCP00634,grower
HCP00635,low_potential
HCP00636,loyal_high
HCP00637,loyal_high
HCP00638,grower
HCP00639,loyal_high
HCP00640,low_potential
HCP00641,at_risk
HCP00642,low_potential
HCP00643,low_potential
HCP00644,loyal_high
HCP00645,low_potential
HCP00646,loyal_high
HCP00647,grower
HCP00648,grower
HCP00649,loyal_high
HCP00650,grower
HCP00651,loyal_high
HCP00652,low_potential
HCP00653,grower
HCP00654,low_potential
HCP00655,low_potential
HCP00656,grower
HCP00657,grower
HCP00658,at_risk
HCP00659,loyal_high
HCP00660,grower
HCP00661,at_risk
HCP00662,loyal_high
HCP00663,low_potential
HCP00664,grower
HCP00665,loyal_high
HCP00666,grower
HCP00667,at_risk
HCP00668,loyal_high
HCP00669,grower
HCP00670,loyal_high
HCP00671,loyal_high
HCP00672,at_risk
HCP00673,grower
HCP00674,loyal_high
HCP00675,low_potential
HCP00676,low_potential
HCP00677,loyal_high
HCP00678,low_potential
HCP00679,grower
HCP00680,grower
HCP00681,grower
HCP00682,grower
HCP00683,low_potential
HCP00684,low_potential
HCP00685,at_risk
HCP00686,loyal_high
HCP00687,grower
HCP00688,low_potential
HCP00689,low_potential
HCP00690,low_potential
HCP00691,low_potential
HCP00692,grower
HCP00693,loyal_high
HCP00694,low_potential
HCP00695,low_potential
HCP00696,low_potential
HCP00697,loyal_high
HCP00698,loyal_high
HCP00699,grower
HCP00700,loyal_high
HCP00701,at_risk
HCP00702,grower
HCP00703,low_potential
HCP00704,low_potential
HCP00705,low_potential
HCP00706,low_potential
HCP00707,low_potential
HCP00708,grower
HCP00709,grower
HCP00710,low_potential
HCP00711,low_potential
HCP00712,low_potential
HCP00713,grower
HCP00714,low_potential
HCP00715,grower
HCP00716,low_potential
HCP00717,grower
HCP00718,low_potential
HCP00719,at_risk
HCP00720,at_risk
HCP00721,loyal_high
HCP00722,at_risk
HCP00723,at_risk
HCP00724,grower
HCP00725,low_potential
HCP00726,grower
HCP00727,at_risk
HCP00728,low_potential
HCP00729,at_risk
HCP00730,low_potential
HCP00731,at_risk
HCP00732,at_risk
HCP00733,low_potential
HCP00734,low_potential
HCP00735,low_potential
HCP00736,low_potential
HCP00737,low_potential
HCP00738,at_risk
HCP00739,at_risk
HCP00740,low_potential
HCP00741,loyal_high
HCP00742,loyal_high
HCP00743,loyal_high
HCP00744,low_potential
HCP00745,at_risk
HCP00746,at_risk
HCP00747,low_potential
HCP00748,low_potential
HCP00749,low_potential
HCP00750,low_potential
HCP00751,low_potential
HCP00752,grower
HCP00753,low_potential
HCP00754,low_potential
HCP00755,grower
HCP00756,grower
HCP00757,low_potential
HCP00758,low_potential
HCP00759,at_risk
HCP00760,at_risk
HCP00761,low_potential
HCP00762,loyal_high
HCP00763,grower
HCP00764,grower
HCP00765,grower
HCP00766,low_potential
HCP00767,low_potential
HCP00768,grower
HCP00769,loyal_high
HCP00770,grower
HCP00771,low_potential
HCP00772,at_risk
HCP00773,grower
HCP00774,grower
HCP00775,at_risk
HCP00776,low_potential
HCP00777,low_potential
HCP00778,at_risk
HCP00779,grower
HCP00780,low_potential
HCP00781,low_potential
HCP00782,grower
HCP00783,low_potential
HCP00784,at_risk
HCP00785,grower
HCP00786,low_potential
HCP00787,at_risk
HCP00788,low_potential
HCP00789,grower
HCP00790,at_risk
HCP00791,low_potential
HCP00792,grower
HCP00793,loyal_high
HCP00794,grower
HCP00795,low_potential
HCP00796,loyal_high
HCP00797,loyal_high
HCP00798,at_risk
HCP00799,low_potential
HCP00800,low_potential
HCP00801,low_potential
HCP00802,grower
HCP00803,loyal_high
HCP00804,at_risk
HCP00805,grower
HCP00806,grower
HCP00807,loyal_high
HCP00808,grower
HCP00809,loyal_high
HCP00810,low_potential
HCP00811,grower
HCP00812,at_risk
HCP00813,grower
HCP00814,grower
HCP00815,low_potential
HCP00816,loyal_high
HCP00817,loyal_high
HCP00818,at_risk
HCP00819,loyal_high
HCP00820,low_potential
HCP00821,at_risk
HCP00822,grower
HCP00823,at_risk
HCP00824,low_potential
HCP00825,low_potential
HCP00826,low_potential
HCP00827,grower
HCP00828,at_risk
HCP00829,low_potential
HCP00830,loyal_high
HCP00831,loyal_high
HCP00832,loyal_high
HCP00833,low_potential
HCP00834,loyal_high
HCP00835,grower
HCP00836,low_potential
HCP00837,low_potential
HCP00838,at_risk
HCP00839,at_risk
HCP00840,loyal_high
HCP00841,at_risk
HCP00842,at_risk
HCP00843,low_potential
HCP00844,low_potential
HCP00845,low_potential
HCP00846,loyal_high
HCP00847,low_potential
HCP00848,low_potential
HCP00849,loyal_high
HCP00850,grower
HCP00851,low_potential
HCP00852,loyal_high
HCP00853,grower
HCP00854,grower
HCP00855,loyal_high
HCP00856,loyal_high
HCP00857,loyal_high
HCP00858,grower
HCP00859,at_risk
HCP00860,grower
HCP00861,low_potential
HCP00862,grower
HCP00863,low_potential
HCP00864,loyal_high
HCP00865,grower
HCP00866,loyal_high
HCP00867,low_potential
HCP00868,low_potential
HCP00869,grower
HCP00870,at_risk
HCP00871,grower
HCP00872,grower
HCP00873,low_potential
HCP00874,grower
HCP00875,at_risk
HCP00876,grower
HCP00877,loyal_high
HCP00878,at_risk
HCP00879,loyal_high
HCP00880,grower
HCP00881,grower
HCP00882,grower
HCP00883,low_potential
HCP00884,loyal_high
HCP00885,low_potential
HCP00886,low_potential
HCP00887,grower
HCP00888,at_risk
HCP00889,low_potential
HCP00890,loyal_high
HCP00891,grower
HCP00892,loyal_high
HCP00893,grower
HCP00894,at_risk
HCP00895,grower
HCP00896,grower
HCP00897,loyal_high
HCP00898,low_potential
HCP00899,low_potential
HCP00900,low_potential
HCP00901,low_potential
HCP00902,low_potential
HCP00903,low_potential
HCP00904,loyal_high
HCP00905,low_potential
HCP00906,at_risk
HCP00907,at_risk
HCP00908,loyal_high
HCP00909,low_potential
HCP00910,grower
HCP00911,low_potential
HCP00912,loyal_high
HCP00913,grower
HCP00914,low_potential
HCP00915,low_potential
HCP00916,low_potential
HCP00917,low_potential
HCP00918,at_risk
HCP00919,loyal_high
HCP00920,loyal_high
HCP00921,grower
HCP00922,at_risk
HCP00923,loyal_high
HCP00924,low_potential
HCP00925,low_potential
HCP00926,at_risk
HCP00927,low_potential
HCP00928,loyal_high
HCP00929,low_potential
HCP00930,low_potential
HCP00931,at_risk
HCP00932,at_risk
HCP00933,grower
HCP00934,low_potential
HCP00935,loyal_high
HCP00936,low_potential
HCP00937,grower
HCP00938,at_risk
HCP00939,low_potential
HCP00940,loyal_high
HCP00941,at_risk
HCP00942,grower
HCP00943,loyal_high
HCP00944,low_potential
HCP00945,grower
HCP00946,grower
HCP00947,low_potential
HCP00948,grower
HCP00949,at_risk
HCP00950,low_potential
HCP00951,at_risk
HCP00952,low_potential
HCP00953,grower
HCP00954,low_potential
HCP00955,at_risk
HCP00956,low_potential
HCP00957,loyal_high
HCP00958,loyal_high
HCP00959,grower
HCP00960,grower
HCP00961,loyal_high
HCP00962,low_potential
HCP00963,low_potential
HCP00964,low_potential
HCP00965,grower
HCP00966,grower
HCP00967,grower
HCP00968,low_potential
HCP00969,low_potential
HCP00970,grower
HCP00971,loyal_high
HCP00972,low_potential
HCP00973,loyal_high
HCP00974,grower
HCP00975,low_potential
HCP00976,low_potential
HCP00977,at_risk
HCP00978,low_potential
HCP00979,at_risk
HCP00980,low_potential
HCP00981,low_potential
HCP00982,at_risk
HCP00983,low_potential
HCP00984,at_risk
HCP00985,grower
HCP00986,loyal_high
HCP00987,low_potential
HCP00988,grower
HCP00989,low_potential
HCP00990,low_potential
HCP00991,low_potential
HCP00992,grower
HCP00993,grower
HCP00994,at_risk
HCP00995,at_risk
HCP00996,low_potential
HCP00997,low_potential
HCP00998,grower
HCP00999,low_potential
HCP01000,at_risk
HCP01001,at_risk
HCP01002,loyal_high
HCP01003,at_risk
HCP01004,low_potential
HCP01005,low_potential
HCP01006,loyal_high
HCP01007,at_risk
HCP01008,low_potential
HCP01009,low_potential
HCP01010,grower
HCP01011,grower
HCP01012,at_risk
HCP01013,loyal_high
HCP01014,low_potential
HCP01015,grower
HCP01016,low_potential
HCP01017,at_risk
HCP01018,grower
HCP01019,grower
HCP01020,grower
HCP01021,low_potential
HCP01022,low_potential
HCP01023,at_risk
HCP01024,low_potential
HCP01025,grower
HCP01026,grower
HCP01027,grower
HCP01028,grower
HCP01029,low_potential
HCP01030,low_potential
HCP01031,loyal_high
HCP01032,low_potential
HCP01033,low_potential
HCP01034,grower
HCP01035,low_potential
HCP01036,low_potential
HCP01037,loyal_high
HCP01038,at_risk
HCP01039,at_risk
HCP01040,loyal_high
HCP01041,grower
HCP01042,at_risk
HCP01043,low_potential
HCP01044,grower
HCP01045,at_risk
HCP01046,loyal_high
HCP01047,at_risk
HCP01048,loyal_high
HCP01049,grower
HCP01050,grower
HCP01051,low_potential
HCP01052,grower
HCP01053,loyal_high
HCP01054,low_potential
HCP01055,low_potential
HCP01056,low_potential
HCP01057,grower
HCP01058,grower
HCP01059,loyal_high
HCP01060,loyal_high
HCP01061,loyal_high
HCP01062,loyal_high
HCP01063,low_potential
HCP01064,low_potential
HCP01065,loyal_high
HCP01066,low_potential
HCP01067,grower
HCP01068,loyal_high
HCP01069,loyal_high
HCP01070,loyal_high
HCP01071,grower
HCP01072,at_risk
HCP01073,grower
HCP01074,low_potential
HCP01075,low_potential
HCP01076,loyal_high
HCP01077,loyal_high
HCP01078,loyal_high
HCP01079,low_potential
HCP01080,at_risk
HCP01081,low_potential
HCP01082,loyal_high
HCP01083,loyal_high
HCP01084,low_potential
HCP01085,low_potential
HCP01086,at_risk
HCP01087,at_risk
HCP01088,grower
HCP01089,low_potential
HCP01090,low_potential
HCP01091,grower
HCP01092,low_potential
HCP01093,at_risk
HCP01094,low_potential
HCP01095,at_risk
HCP01096,low_potential
HCP01097,low_potential
HCP01098,grower
HCP01099,grower
HCP01100,grower
HCP01101,grower
HCP01102,grower
HCP01103,loyal_high
HCP01104,low_potential
HCP01105,low_potential
HCP01106,grower
HCP01107,grower
HCP01108,grower
HCP01109,loyal_high
HCP01110,at_risk
HCP01111,low_potential
HCP01112,grower
HCP01113,grower
HCP01114,loyal_high
HCP01115,at_risk
HCP01116,grower
HCP01117,low_potential
HCP01118,grower
HCP01119,grower
HCP01120,low_potential
HCP01121,low_potential
HCP01122,low_potential
HCP01123,loyal_high
HCP01124,at_risk
HCP01125,low_potential
HCP01126,loyal_high
HCP01127,low_potential
HCP01128,grower
HCP01129,grower
HCP01130,loyal_high
HCP01131,at_risk
HCP01132,grower
HCP01133,loyal_high
HCP01134,at_risk
HCP01135,loyal_high
HCP01136,low_potential
HCP01137,low_potential
HCP01138,loyal_high
HCP01139,low_potential
HCP01140,loyal_high
HCP01141,grower
HCP01142,at_risk
HCP01143,grower
HCP01144,loyal_high
HCP01145,loyal_high
HCP01146,grower
HCP01147,grower
HCP01148,low_potential
HCP01149,low_potential
HCP01150,loyal_high
HCP01151,grower
HCP01152,low_potential
HCP01153,low_potential
HCP01154,low_potential
HCP01155,grower
HCP01156,loyal_high
HCP01157,at_risk
HCP01158,loyal_high
HCP01159,low_potential
HCP01160,grower
HCP01161,low_potential
HCP01162,loyal_high
HCP01163,loyal_high
HCP01164,low_potential
HCP01165,grower
HCP01166,at_risk
HCP01167,grower
HCP01168,loyal_high
HCP01169,low_potential
HCP01170,grower
HCP01171,at_risk
HCP01172,loyal_high
HCP01173,low_potential
HCP01174,grower
HCP01175,low_potential
HCP01176,low_potential
HCP01177,low_potential
HCP01178,low_potential
HCP01179,low_potential
HCP01180,low_potential
HCP01181,low_potential
HCP01182,low_potential
HCP01183,at_risk
HCP01184,low_potential
HCP01185,grower
HCP01186,low_potential
HCP01187,grower
HCP01188,low_potential
HCP01189,low_potential
HCP01190,low_potential
HCP01191,low_potential
HCP01192,low_potential
HCP01193,low_potential
HCP01194,grower
HCP01195,loyal_high
HCP01196,low_potential
HCP01197,loyal_high
HCP01198,low_potential
HCP01199,at_risk
HCP01200,loyal_high
HCP01201,grower
HCP01202,grower
HCP01203,grower
HCP01204,grower
HCP01205,low_potential
HCP01206,low_potential
HCP01207,low_potential
HCP01208,loyal_high
HCP01209,loyal_high
HCP01210,low_potential
HCP01211,low_potential
HCP01212,loyal_high
HCP01213,low_potential
HCP01214,low_potential
HCP01215,low_potential
HCP01216,low_potential
HCP01217,loyal_high
HCP01218,grower
HCP01219,at_risk
HCP01220,grower
HCP01221,at_risk
HCP01222,low_potential
HCP01223,low_potential
HCP01224,loyal_high
HCP01225,low_potential
HCP01226,at_risk
HCP01227,loyal_high
HCP01228,low_potential
HCP01229,low_potential
HCP01230,at_risk
HCP01231,loyal_high
HCP01232,grower
HCP01233,at_risk
HCP01234,low_potential
HCP01235,low_potential
HCP01236,low_potential
HCP01237,grower
HCP01238,at_risk
HCP01239,low_potential
HCP01240,at_risk
HCP01241,loyal_high
HCP01242,loyal_high
HCP01243,grower
HCP01244,at_risk
HCP01245,low_potential
HCP01246,grower
HCP01247,grower
HCP01248,low_potential
HCP01249,grower
HCP01250,grower
HCP01251,grower
HCP01252,loyal_high
HCP01253,low_potential
HCP01254,loyal_high
HCP01255,loyal_high
HCP01256,low_potential
HCP01257,low_potential
HCP01258,low_potential
HCP01259,loyal_high
HCP01260,low_potential
HCP01261,at_risk
HCP01262,grower
HCP01263,low_potential
HCP01264,low_potential
HCP01265,grower
HCP01266,grower
HCP01267,loyal_high
HCP01268,low_potential
HCP01269,low_potential
HCP01270,low_potential
HCP01271,grower
HCP01272,low_potential
HCP01273,at_risk
HCP01274,grower
HCP01275,low_potential
HCP01276,loyal_high
HCP01277,loyal_high
HCP01278,at_risk
HCP01279,grower
HCP01280,grower
HCP01281,low_potential
HCP01282,at_risk
HCP01283,grower
HCP01284,low_potential
HCP01285,loyal_high
HCP01286,grower
HCP01287,low_potential
HCP01288,loyal_high
HCP01289,low_potential
HCP01290,low_potential
HCP01291,grower
HCP01292,low_potential
HCP01293,loyal_high
HCP01294,low_potential
HCP01295,low_potential
HCP01296,low_potential
HCP01297,grower
HCP01298,low_potential
HCP01299,low_potential
HCP01300,loyal_high
HCP01301,low_potential
HCP01302,low_potential
HCP01303,grower
HCP01304,grower
HCP01305,low_potential
HCP01306,low_potential
HCP01307,at_risk
HCP01308,grower
HCP01309,grower
HCP01310,grower
HCP01311,grower
HCP01312,low_potential
HCP01313,at_risk
HCP01314,low_potential
HCP01315,low_potential
HCP01316,grower
HCP01317,grower
HCP01318,loyal_high
HCP01319,low_potential
HCP01320,grower
HCP01321,at_risk
HCP01322,grower
HCP01323,loyal_high
HCP01324,low_potential
HCP01325,low_potential
HCP01326,at_risk
HCP01327,grower
HCP01328,loyal_high
HCP01329,at_risk
HCP01330,low_potential
HCP01331,at_risk
HCP01332,low_potential
HCP01333,grower
HCP01334,grower
HCP01335,grower
HCP01336,grower
HCP01337,low_potential
HCP01338,grower
HCP01339,at_risk
HCP01340,grower
HCP01341,at_risk
HCP01342,low_potential
HCP01343,low_potential
HCP01344,low_potential
HCP01345,low_potential
HCP01346,low_potential
HCP01347,loyal_high
HCP01348,low_potential
HCP01349,grower
HCP01350,low_potential
HCP01351,loyal_high
HCP01352,grower
HCP01353,low_potential
HCP01354,low_potential
HCP01355,low_potential
HCP01356,low_potential
HCP01357,low_potential
HCP01358,low_potential
HCP01359,loyal_high
HCP01360,at_risk
HCP01361,low_potential
HCP01362,grower
HCP01363,loyal_high
HCP01364,grower
HCP01365,low_potential
HCP01366,low_potential
HCP01367,low_potential
HCP01368,low_potential
HCP01369,low_potential
HCP01370,loyal_high
HCP01371,loyal_high
HCP01372,low_potential
HCP01373,low_potential
HCP01374,low_potential
HCP01375,grower
HCP01376,low_potential
HCP01377,at_risk
HCP01378,at_risk
HCP01379,low_potential
HCP01380,grower
HCP01381,low_potential
HCP01382,loyal_high
HCP01383,loyal_high
HCP01384,low_potential
HCP01385,at_risk
HCP01386,low_potential
HCP01387,loyal_high
HCP01388,low_potential
HCP01389,loyal_high
HCP01390,low_potential
HCP01391,at_risk
HCP01392,low_potential
HCP01393,grower
HCP01394,grower
HCP01395,at_risk
HCP01396,low_potential
HCP01397,loyal_high
HCP01398,at_risk
HCP01399,loyal_high
HCP01400,grower
HCP01401,grower
HCP01402,low_potential
HCP01403,grower
HCP01404,at_risk
HCP01405,low_potential
HCP01406,loyal_high
HCP01407,low_potential
HCP01408,grower
HCP01409,loyal_high
HCP01410,low_potential
HCP01411,grower
HCP01412,low_potential
HCP01413,low_potential
HCP01414,low_potential
HCP01415,low_potential
HCP01416,loyal_high
HCP01417,low_potential
HCP01418,low_potential
HCP01419,loyal_high
HCP01420,low_potential
HCP01421,low_potential
HCP01422,loyal_high
HCP01423,grower
HCP01424,low_potential
HCP01425,grower
HCP01426,low_potential
HCP01427,low_potential
HCP01428,loyal_high
HCP01429,low_potential
HCP01430,low_potential
HCP01431,loyal_high
HCP01432,low_potential
HCP01433,at_risk
HCP01434,low_potential
HCP01435,low_potential
HCP01436,low_potential
HCP01437,grower
HCP01438,at_risk
HCP01439,low_potential
HCP01440,low_potential
HCP01441,grower
HCP01442,low_potential
HCP01443,low_potential
HCP01444,low_potential
HCP01445,grower
HCP01446,grower
HCP01447,grower
HCP01448,low_potential
HCP01449,low_potential
HCP01450,low_potential
HCP01451,low_potential
HCP01452,low_potential
HCP01453,low_potential
HCP01454,low_potential
HCP01455,loyal_high
HCP01456,grower
HCP01457,grower
HCP01458,grower
HCP01459,at_risk
HCP01460,loyal_high
HCP01461,loyal_high
HCP01462,loyal_high
HCP01463,grower
HCP01464,at_risk
HCP01465,loyal_high
HCP01466,grower
HCP01467,grower
HCP01468,at_risk
HCP01469,grower
HCP01470,low_potential
HCP01471,at_risk
HCP01472,at_risk
HCP01473,at_risk
HCP01474,low_potential
HCP01475,low_potential
HCP01476,low_potential
HCP01477,loyal_high
HCP01478,grower
HCP01479,low_potential
HCP01480,low_potential
HCP01481,at_risk
HCP01482,low_potential
HCP01483,loyal_high
HCP01484,at_risk
HCP01485,low_potential
HCP01486,at_risk
HCP01487,grower
HCP01488,low_potential
HCP01489,grower
HCP01490,low_potential
HCP01491,grower
HCP01492,grower
HCP01493,at_risk
HCP01494,at_risk
HCP01495,loyal_high
HCP01496,loyal_high
HCP01497,low_potential
HCP01498,grower
HCP01499,low_potential
HCP01500,at_risk
HCP01501,loyal_high
HCP01502,at_risk
HCP01503,grower
HCP01504,at_risk
HCP01505,low_potential
HCP01506,loyal_high
HCP01507,grower
HCP01508,grower
HCP01509,grower
HCP01510,grower
HCP01511,loyal_high
HCP01512,low_potential
HCP01513,low_potential
HCP01514,low_potential
HCP01515,low_potential
HCP01516,loyal_high
HCP01517,at_risk
HCP01518,low_potential
HCP01519,at_risk
HCP01520,grower
HCP01521,grower
HCP01522,grower
HCP01523,low_potential
HCP01524,loyal_high
HCP01525,grower
HCP01526,grower
HCP01527,low_potential
HCP01528,at_risk
HCP01529,loyal_high
HCP01530,low_potential
HCP01531,grower
HCP01532,at_risk
HCP01533,loyal_high
HCP01534,loyal_high
HCP01535,at_risk
HCP01536,at_risk
HCP01537,loyal_high
HCP01538,grower
HCP01539,loyal_high
HCP01540,at_risk
HCP01541,low_potential
HCP01542,grower
HCP01543,low_potential
HCP01544,low_potential
HCP01545,grower
HCP01546,low_potential
HCP01547,at_risk
HCP01548,grower
HCP01549,low_potential
HCP01550,low_potential
HCP01551,low_potential
HCP01552,low_potential
HCP01553,loyal_high
HCP01554,loyal_high
HCP01555,grower
HCP01556,grower
HCP01557,low_potential
HCP01558,low_potential
HCP01559,grower
HCP01560,at_risk
HCP01561,low_potential
HCP01562,loyal_high
HCP01563,grower
HCP01564,low_potential
HCP01565,low_potential
HCP01566,grower
HCP01567,low_potential
HCP01568,low_potential
HCP01569,low_potential
HCP01570,low_potential
HCP01571,low_potential
HCP01572,grower
HCP01573,loyal_high
HCP01574,low_potential
HCP01575,loyal_high
HCP01576,at_risk
HCP01577,low_potential
HCP01578,at_risk
HCP01579,grower
HCP01580,low_potential
HCP01581,low_potential
HCP01582,loyal_high
HCP01583,low_potential
HCP01584,low_potential
HCP01585,grower
HCP01586,grower
HCP01587,at_risk
HCP01588,low_potential
HCP01589,low_potential
HCP01590,grower
HCP01591,at_risk
HCP01592,grower
HCP01593,grower
HCP01594,low_potential
HCP01595,low_potential
HCP01596,low_potential
HCP01597,loyal_high
HCP01598,grower
HCP01599,grower
HCP01600,grower
HCP01601,at_risk
HCP01602,loyal_high
HCP01603,loyal_high
HCP01604,loyal_high
HCP01605,loyal_high
HCP01606,low_potential
HCP01607,loyal_high
HCP01608,grower
HCP01609,loyal_high
HCP01610,grower
HCP01611,low_potential
HCP01612,grower
HCP01613,loyal_high
HCP01614,grower
HCP01615,low_potential
HCP01616,grower
HCP01617,at_risk
HCP01618,low_potential
HCP01619,at_risk
HCP01620,loyal_high
HCP01621,low_potential
HCP01622,at_risk
HCP01623,low_potential
HCP01624,grower
HCP01625,low_potential
HCP01626,low_potential
HCP01627,loyal_high
HCP01628,grower
HCP01629,at_risk
HCP01630,low_potential
HCP01631,at_risk
HCP01632,low_potential
HCP01633,grower
HCP01634,loyal_high
HCP01635,grower
HCP01636,grower
HCP01637,loyal_high
HCP01638,low_potential
HCP01639,loyal_high
HCP01640,grower
HCP01641,low_potential
HCP01642,loyal_high
HCP01643,grower
HCP01644,loyal_high
HCP01645,low_potential
HCP01646,low_potential
HCP01647,at_risk
HCP01648,grower
HCP01649,low_potential
HCP01650,loyal_high
HCP01651,low_potential
HCP01652,grower
HCP01653,low_potential
HCP01654,at_risk
HCP01655,at_risk
HCP01656,low_potential
HCP01657,loyal_high
HCP01658,low_potential
HCP01659,low_potential
HCP01660,low_potential
HCP01661,grower
HCP01662,low_potential
HCP01663,grower
HCP01664,loyal_high
HCP01665,grower
HCP01666,low_potential
HCP01667,at_risk
HCP01668,low_potential
HCP01669,loyal_high
HCP01670,grower
HCP01671,low_potential
HCP01672,loyal_high
HCP01673,low_potential
HCP01674,grower
HCP01675,at_risk
HCP01676,loyal_high
HCP01677,loyal_high
HCP01678,low_potential
HCP01679,grower
HCP01680,low_potential
HCP01681,at_risk
HCP01682,loyal_high
HCP01683,low_potential
HCP01684,low_potential
HCP01685,low_potential
HCP01686,loyal_high
HCP01687,grower
HCP01688,loyal_high
HCP01689,at_risk
HCP01690,loyal_high
HCP01691,low_potential
HCP01692,grower
HCP01693,low_potential
HCP01694,low_potential
HCP01695,low_potential
HCP01696,low_potential
HCP01697,at_risk
HCP01698,at_risk
HCP01699,at_risk
HCP01700,low_potential
HCP01701,low_potential
HCP01702,loyal_high
HCP01703,loyal_high
HCP01704,low_potential
HCP01705,at_risk
HCP01706,grower
HCP01707,grower
HCP01708,low_potential
HCP01709,loyal_high
HCP01710,low_potential
HCP01711,at_risk
HCP01712,low_potential
HCP01713,loyal_high
HCP01714,low_potential
HCP01715,low_potential
HCP01716,loyal_high
HCP01717,grower
HCP01718,low_potential
HCP01719,grower
HCP01720,at_risk
HCP01721,low_potential
HCP01722,low_potential
HCP01723,grower
HCP01724,loyal_high
HCP01725,low_potential
HCP01726,loyal_high
HCP01727,low_potential
HCP01728,grower
HCP01729,loyal_high
HCP01730,loyal_high
HCP01731,low_potential
HCP01732,low_potential
HCP01733,at_risk
HCP01734,loyal_high
HCP01735,loyal_high
HCP01736,low_potential
HCP01737,at_risk
HCP01738,low_potential
HCP01739,low_potential
HCP01740,low_potential
HCP01741,loyal_high
HCP01742,low_potential
HCP01743,loyal_high
HCP01744,at_risk
HCP01745,at_risk
HCP01746,grower
HCP01747,low_potential
HCP01748,loyal_high
HCP01749,grower
HCP01750,low_potential
HCP01751,at_risk
HCP01752,low_potential
HCP01753,loyal_high
HCP01754,low_potential
HCP01755,loyal_high
HCP01756,low_potential
HCP01757,grower
HCP01758,at_risk
HCP01759,low_potential
HCP01760,at_risk
HCP01761,grower
HCP01762,low_potential
HCP01763,grower
HCP01764,low_potential
HCP01765,at_risk
HCP01766,grower
HCP01767,low_potential
HCP01768,low_potential
HCP01769,low_potential
HCP01770,grower
HCP01771,at_risk
HCP01772,low_potential
HCP01773,low_potential
HCP01774,grower
HCP01775,low_potential
HCP01776,at_risk
HCP01777,low_potential
HCP01778,low_potential
HCP01779,low_potential
HCP01780,loyal_high
HCP01781,low_potential
HCP01782,grower
HCP01783,low_potential
HCP01784,loyal_high
HCP01785,grower
HCP01786,grower
HCP01787,grower
HCP01788,grower
HCP01789,grower
HCP01790,grower
HCP01791,grower
HCP01792,low_potential
HCP01793,at_risk
HCP01794,low_potential
HCP01795,low_potential
HCP01796,low_potential
HCP01797,loyal_high
HCP01798,low_potential
HCP01799,at_risk
HCP01800,loyal_high
HCP01801,low_potential
HCP01802,loyal_high
HCP01803,grower
HCP01804,low_potential
HCP01805,loyal_high
HCP01806,loyal_high
HCP01807,loyal_high
HCP01808,low_potential
HCP01809,at_risk
HCP01810,low_potential
HCP01811,grower
HCP01812,low_potential
HCP01813,loyal_high
HCP01814,at_risk
HCP01815,grower
HCP01816,loyal_high
HCP01817,at_risk
HCP01818,at_risk
HCP01819,grower
HCP01820,loyal_high
HCP01821,low_potential
HCP01822,grower
HCP01823,low_potential
HCP01824,low_potential
HCP01825,at_risk
HCP01826,low_potential
HCP01827,loyal_high
HCP01828,grower
HCP01829,low_potential
HCP01830,loyal_high
HCP01831,low_potential
HCP01832,grower
HCP01833,low_potential
HCP01834,low_potential
HCP01835,low_potential
HCP01836,loyal_high
HCP01837,low_potential
HCP01838,low_potential
HCP01839,low_potential
HCP01840,low_potential
HCP01841,grower
HCP01842,grower
HCP01843,loyal_high
HCP01844,grower
HCP01845,at_risk
HCP01846,grower
HCP01847,loyal_high
HCP01848,loyal_high
HCP01849,at_risk
HCP01850,low_potential
HCP01851,loyal_high
HCP01852,loyal_high
HCP01853,low_potential
HCP01854,grower
HCP01855,low_potential
HCP01856,low_potential
HCP01857,grower
HCP01858,grower
HCP01859,low_potential
HCP01860,grower
HCP01861,low_potential
HCP01862,grower
HCP01863,grower
HCP01864,loyal_high
HCP01865,grower
HCP01866,loyal_high
HCP01867,low_potential
HCP01868,low_potential
HCP01869,grower
HCP01870,loyal_high
HCP01871,loyal_high
HCP01872,grower
HCP01873,at_risk
HCP01874,loyal_high
HCP01875,at_risk
HCP01876,low_potential
HCP01877,low_potential
HCP01878,low_potential
HCP01879,grower
HCP01880,loyal_high
HCP01881,loyal_high
HCP01882,low_potential
HCP01883,grower
HCP01884,loyal_high
HCP01885,low_potential
HCP01886,loyal_high
HCP01887,low_potential
HCP01888,loyal_high
HCP01889,low_potential
HCP01890,grower
HCP01891,low_potential
HCP01892,loyal_high
HCP01893,low_potential
HCP01894,low_potential
HCP01895,at_risk
HCP01896,grower
HCP01897,loyal_high
HCP01898,loyal_high
HCP01899,low_potential
HCP01900,low_potential
HCP01901,low_potential
HCP01902,low_potential
HCP01903,at_risk
HCP01904,loyal_high
HCP01905,at_risk
HCP01906,low_potential
HCP01907,low_potential
HCP01908,grower
HCP01909,low_potential
HCP01910,at_risk
HCP01911,at_risk
HCP01912,at_risk
HCP01913,low_potential
HCP01914,grower
HCP01915,low_potential
HCP01916,grower
HCP01917,low_potential
HCP01918,at_risk
HCP01919,at_risk
HCP01920,low_potential
HCP01921,loyal_high
HCP01922,low_potential
HCP01923,low_potential
HCP01924,low_potential
HCP01925,low_potential
HCP01926,loyal_high
HCP01927,at_risk
HCP01928,low_potential
HCP01929,low_potential
HCP01930,grower
HCP01931,low_potential
HCP01932,loyal_high
HCP01933,low_potential
HCP01934,low_potential
HCP01935,low_potential
HCP01936,at_risk
HCP01937,grower
HCP01938,loyal_high
HCP01939,at_risk
HCP01940,at_risk
HCP01941,low_potential
HCP01942,low_potential
HCP01943,low_potential
HCP01944,grower
HCP01945,low_potential
HCP01946,low_potential
HCP01947,low_potential
HCP01948,grower
HCP01949,grower
HCP01950,grower
HCP01951,low_potential
HCP01952,low_potential
HCP01953,at_risk
HCP01954,loyal_high
HCP01955,at_risk
HCP01956,low_potential
HCP01957,grower
HCP01958,low_potential
HCP01959,at_risk
HCP01960,loyal_high
HCP01961,loyal_high
HCP01962,loyal_high
HCP01963,low_potential
HCP01964,low_potential
HCP01965,low_potential
HCP01966,low_potential
HCP01967,at_risk
HCP01968,low_potential
HCP01969,low_potential
HCP01970,grower
HCP01971,at_risk
HCP01972,loyal_high
HCP01973,loyal_high
HCP01974,low_potential
HCP01975,at_risk
HCP01976,grower
HCP01977,low_potential
HCP01978,grower
HCP01979,at_risk
HCP01980,loyal_high
HCP01981,grower
HCP01982,low_potential
HCP01983,grower
HCP01984,at_risk
HCP01985,grower
HCP01986,grower
HCP01987,loyal_high
HCP01988,low_potential
HCP01989,low_potential
HCP01990,low_potential
HCP01991,low_potential
HCP01992,grower
HCP01993,low_potential
HCP01994,low_potential
HCP01995,low_potential
HCP01996,low_potential
HCP01997,at_risk
HCP01998,low_potential
HCP01999,grower
HCP02000,at_risk
HCP02001,low_potential
HCP02002,grower
HCP02003,low_potential
HCP02004,low_potential
HCP02005,low_potential
HCP02006,low_potential
HCP02007,low_potential
HCP02008,grower
HCP02009,loyal_high
HCP02010,at_risk
HCP02011,at_risk
HCP02012,grower
HCP02013,loyal_high
HCP02014,low_potential
HCP02015,at_risk
HCP02016,low_potential
HCP02017,low_potential
HCP02018,at_risk
HCP02019,at_risk
HCP02020,low_potential
HCP02021,low_potential
HCP02022,low_potential
HCP02023,low_potential
HCP02024,grower
HCP02025,loyal_high
HCP02026,grower
HCP02027,loyal_high
HCP02028,grower
HCP02029,at_risk
HCP02030,low_potential
HCP02031,grower
HCP02032,at_risk
HCP02033,low_potential
HCP02034,low_potential
HCP02035,low_potential
HCP02036,low_potential
HCP02037,at_risk
HCP02038,low_potential
HCP02039,low_potential
HCP02040,low_potential
HCP02041,grower
HCP02042,grower
HCP02043,grower
HCP02044,at_risk
HCP02045,loyal_high
HCP02046,grower
HCP02047,loyal_high
HCP02048,low_potential
HCP02049,grower
HCP02050,loyal_high
HCP02051,grower
HCP02052,loyal_high
HCP02053,at_risk
HCP02054,low_potential
HCP02055,low_potential
HCP02056,at_risk
HCP02057,low_potential
HCP02058,loyal_high
HCP02059,low_potential
HCP02060,loyal_high
HCP02061,low_potential
HCP02062,grower
HCP02063,grower
HCP02064,low_potential
HCP02065,at_risk
HCP02066,loyal_high
HCP02067,grower
HCP02068,at_risk
HCP02069,low_potential
HCP02070,loyal_high
HCP02071,loyal_high
HCP02072,low_potential
HCP02073,low_potential
HCP02074,at_risk
HCP02075,low_potential
HCP02076,low_potential
HCP02077,grower
HCP02078,low_potential
HCP02079,low_potential
HCP02080,grower
HCP02081,loyal_high
HCP02082,grower
HCP02083,grower
HCP02084,at_risk
HCP02085,loyal_high
HCP02086,loyal_high
HCP02087,grower
HCP02088,low_potential
HCP02089,low_potential
HCP02090,low_potential
HCP02091,at_risk
HCP02092,low_potential
HCP02093,grower
HCP02094,loyal_high
HCP02095,grower
HCP02096,grower
HCP02097,low_potential
HCP02098,low_potential
HCP02099,grower
HCP02100,low_potential
HCP02101,grower
HCP02102,low_potential
HCP02103,low_potential
HCP02104,low_potential
HCP02105,at_risk
HCP02106,low_potential
HCP02107,low_potential
HCP02108,loyal_high
HCP02109,low_potential
HCP02110,grower
HCP02111,low_potential
HCP02112,loyal_high
HCP02113,low_potential
HCP02114,at_risk
HCP02115,loyal_high
HCP02116,loyal_high
HCP02117,low_potential
HCP02118,loyal_high
HCP02119,low_potential
HCP02120,at_risk
HCP02121,grower
HCP02122,low_potential
HCP02123,low_potential
HCP02124,low_potential
HCP02125,low_potential
HCP02126,grower
HCP02127,grower
HCP02128,low_potential
HCP02129,low_potential
HCP02130,grower
HCP02131,loyal_high
HCP02132,at_risk
HCP02133,low_potential
HCP02134,at_risk
HCP02135,low_potential
HCP02136,loyal_high
HCP02137,low_potential
HCP02138,low_potential
HCP02139,low_potential
HCP02140,loyal_high
HCP02141,at_risk
HCP02142,low_potential
HCP02143,low_potential
HCP02144,low_potential
HCP02145,grower
HCP02146,low_potential
HCP02147,grower
HCP02148,at_risk
HCP02149,low_potential
HCP02150,low_potential
HCP02151,loyal_high
HCP02152,grower
HCP02153,low_potential
HCP02154,at_risk
HCP02155,at_risk
HCP02156,loyal_high
HCP02157,low_potential
HCP02158,loyal_high
HCP02159,grower
HCP02160,at_risk
HCP02161,low_potential
HCP02162,low_potential
HCP02163,loyal_high
HCP02164,at_risk
HCP02165,loyal_high
HCP02166,grower
HCP02167,low_potential
HCP02168,low_potential
HCP02169,loyal_high
HCP02170,low_potential
HCP02171,low_potential
HCP02172,grower
HCP02173,grower
HCP02174,low_potential
HCP02175,loyal_high
HCP02176,grower
HCP02177,low_potential
HCP02178,at_risk
HCP02179,low_potential
HCP02180,at_risk
HCP02181,at_risk
HCP02182,loyal_high
HCP02183,grower
HCP02184,grower
HCP02185,at_risk
HCP02186,at_risk
HCP02187,loyal_high
HCP02188,low_potential
HCP02189,grower
HCP02190,low_potential
HCP02191,grower
HCP02192,loyal_high
HCP02193,grower
HCP02194,low_potential
HCP02195,low_potential
HCP02196,low_potential
HCP02197,loyal_high
HCP02198,low_potential
HCP02199,loyal_high
HCP02200,loyal_high
HCP02201,at_risk
HCP02202,grower
HCP02203,grower
HCP02204,low_potential
HCP02205,loyal_high
HCP02206,low_potential
HCP02207,grower
HCP02208,at_risk
HCP02209,low_potential
HCP02210,low_potential
HCP02211,low_potential
HCP02212,low_potential
HCP02213,grower
HCP02214,low_potential
HCP02215,low_potential
HCP02216,loyal_high
HCP02217,at_risk
HCP02218,low_potential
HCP02219,at_risk
HCP02220,grower
HCP02221,grower
HCP02222,loyal_high
HCP02223,grower
HCP02224,loyal_high
HCP02225,low_potential
HCP02226,low_potential
HCP02227,grower
HCP02228,loyal_high
HCP02229,low_potential
HCP02230,low_potential
HCP02231,low_potential
HCP02232,low_potential
HCP02233,loyal_high
HCP02234,low_potential
HCP02235,low_potential
HCP02236,low_potential
HCP02237,grower
HCP02238,at_risk
HCP02239,low_potential
HCP02240,loyal_high
HCP02241,low_potential
HCP02242,at_risk
HCP02243,grower
HCP02244,at_risk
HCP02245,loyal_high
HCP02246,grower
HCP02247,low_potential
HCP02248,low_potential
HCP02249,at_risk
HCP02250,at_risk
HCP02251,grower
HCP02252,grower
HCP02253,grower
HCP02254,low_potential
HCP02255,grower
HCP02256,grower
HCP02257,low_potential
HCP02258,loyal_high
HCP02259,loyal_high
HCP02260,low_potential
HCP02261,loyal_high
HCP02262,at_risk
HCP02263,low_potential
HCP02264,low_potential
HCP02265,grower
HCP02266,grower
HCP02267,low_potential
HCP02268,at_risk
HCP02269,loyal_high
HCP02270,loyal_high
HCP02271,grower
HCP02272,low_potential
HCP02273,loyal_high
HCP02274,grower
HCP02275,loyal_high
HCP02276,low_potential
HCP02277,loyal_high
HCP02278,loyal_high
HCP02279,grower
HCP02280,low_potential
HCP02281,low_potential
HCP02282,at_risk
HCP02283,low_potential
HCP02284,grower
HCP02285,at_risk
HCP02286,grower
HCP02287,low_potential
HCP02288,low_potential
HCP02289,low_potential
HCP02290,low_potential
HCP02291,loyal_high
HCP02292,low_potential
HCP02293,at_risk
HCP02294,low_potential
HCP02295,low_potential
HCP02296,grower
HCP02297,low_potential
HCP02298,loyal_high
HCP02299,low_potential
HCP02300,low_potential
HCP02301,loyal_high
HCP02302,loyal_high
HCP02303,low_potential
HCP02304,loyal_high
HCP02305,loyal_high
HCP02306,low_potential
HCP02307,grower
HCP02308,low_potential
HCP02309,low_potential
HCP02310,loyal_high
HCP02311,loyal_high
HCP02312,grower
HCP02313,loyal_high
HCP02314,low_potential
HCP02315,low_potential
HCP02316,low_potential
HCP02317,grower
HCP02318,low_potential
HCP02319,low_potential
HCP02320,low_potential
HCP02321,low_potential
HCP02322,low_potential
HCP02323,at_risk
HCP02324,low_potential
HCP02325,loyal_high
HCP02326,loyal_high
HCP02327,low_potential
HCP02328,grower
HCP02329,grower
HCP02330,loyal_high
HCP02331,grower
HCP02332,loyal_high
HCP02333,loyal_high
HCP02334,loyal_high
HCP02335,at_risk
HCP02336,at_risk
HCP02337,loyal_high
HCP02338,loyal_high
HCP02339,low_potential
HCP02340,low_potential
HCP02341,grower
HCP02342,grower
HCP02343,grower
HCP02344,at_risk
HCP02345,loyal_high
HCP02346,grower
HCP02347,low_potential
HCP02348,low_potential
HCP02349,at_risk
HCP02350,loyal_high
HCP02351,loyal_high
HCP02352,loyal_high
HCP02353,low_potential
HCP02354,low_potential
HCP02355,low_potential
HCP02356,grower
HCP02357,grower
HCP02358,loyal_high
HCP02359,low_potential
HCP02360,at_risk
HCP02361,loyal_high
HCP02362,grower
HCP02363,loyal_high
HCP02364,low_potential
HCP02365,low_potential
HCP02366,low_potential
HCP02367,grower
HCP02368,at_risk
HCP02369,low_potential
HCP02370,loyal_high
HCP02371,loyal_high
HCP02372,low_potential
HCP02373,loyal_high
HCP02374,low_potential
HCP02375,at_risk
HCP02376,loyal_high
HCP02377,grower
HCP02378,at_risk
HCP02379,loyal_high
HCP02380,grower
HCP02381,low_potential
HCP02382,at_risk
HCP02383,grower
HCP02384,loyal_high
HCP02385,loyal_high
HCP02386,grower
HCP02387,at_risk
HCP02388,low_potential
HCP02389,loyal_high
HCP02390,grower
HCP02391,at_risk
HCP02392,loyal_high
HCP02393,low_potential
HCP02394,grower
HCP02395,low_potential
HCP02396,loyal_high
HCP02397,low_potential
HCP02398,grower
HCP02399,low_potential
HCP02400,grower
HCP02401,at_risk
HCP02402,low_potential
HCP02403,low_potential
HCP02404,grower
HCP02405,low_potential
HCP02406,at_risk
HCP02407,grower
HCP02408,at_risk
HCP02409,low_potential
HCP02410,low_potential
HCP02411,low_potential
HCP02412,loyal_high
HCP02413,grower
HCP02414,at_risk
HCP02415,loyal_high
HCP02416,low_potential
HCP02417,low_potential
HCP02418,loyal_high
HCP02419,grower
HCP02420,low_potential
HCP02421,at_risk
HCP02422,low_potential
HCP02423,low_potential
HCP02424,grower
HCP02425,loyal_high
HCP02426,loyal_high
HCP02427,low_potential
HCP02428,loyal_high
HCP02429,low_potential
HCP02430,at_risk
HCP02431,low_potential
HCP02432,low_potential
HCP02433,grower
HCP02434,low_potential
HCP02435,low_potential
HCP02436,low_potential
HCP02437,low_potential
HCP02438,loyal_high
HCP02439,at_risk
HCP02440,loyal_high
HCP02441,loyal_high
HCP02442,low_potential
HCP02443,grower
HCP02444,grower
HCP02445,low_potential
HCP02446,low_potential
HCP02447,at_risk
HCP02448,low_potential
HCP02449,loyal_high
HCP02450,low_potential
HCP02451,grower
HCP02452,loyal_high
HCP02453,low_potential
HCP02454,at_risk
HCP02455,loyal_high
HCP02456,loyal_high
HCP02457,loyal_high
HCP02458,low_potential
HCP02459,low_potential
HCP02460,grower
HCP02461,low_potential
HCP02462,loyal_high
HCP02463,low_potential
HCP02464,low_potential
HCP02465,low_potential
HCP02466,loyal_high
HCP02467,loyal_high
HCP02468,grower
HCP02469,grower
HCP02470,low_potential
HCP02471,loyal_high
HCP02472,low_potential
HCP02473,low_potential
HCP02474,loyal_high
HCP02475,grower
HCP02476,low_potential
HCP02477,low_potential
HCP02478,low_potential
HCP02479,at_risk
HCP02480,low_potential
HCP02481,at_risk
HCP02482,low_potential
HCP02483,low_potential
HCP02484,low_potential
HCP02485,low_potential
HCP02486,low_potential
HCP02487,grower
HCP02488,grower
HCP02489,at_risk
HCP02490,at_risk
HCP02491,loyal_high
HCP02492,low_potential
HCP02493,at_risk
HCP02494,grower
HCP02495,loyal_high
HCP02496,low_potential
HCP02497,loyal_high
HCP02498,loyal_high
HCP02499,at_risk
HCP02500,loyal_high
